<changelog>
<Version Number="3.5.+1.0.0"> 
	<change type='inf'>First Release</change> 
</Version> 
<Version Number="3.6.+1.1.0"> 
	<change type='inf'>some minor changes</change> 
</Version> 
<Version Number="3.8.+1.2.0"> 
	<change type='chg'>3.8.x compatbility</change> 
</Version> 
<Version Number="3.9.+1.3.0" MonthVersion="2016-03">
	<change type='chg'>3.9.x compatbility</change> 
	<change type='chg'>custom folder comptatibility</change> 
</Version> 
<Version Number="3.9.+2.0.0" MonthVersion="2016-05">
	<change type='add'>new button for refresh all line price (major feature)</change> 
	<change type='chg'>configuration module moved to "patas-tools" section</change> 
</Version>
<Version Number="3.9.+2.0.1" MonthVersion="2016-06">
	<change type='add'>bad case sensitive call</change> 
	<change type='fix'>fix price >1000 error</change> 
	<change type='add'>Get new version info from XML website</change> 
	<change type='add'>changelog new XML formating and display on about page</change>
</Version>
<Version Number="3.9.+2.0.2" MonthVersion="2016-07">
	<change type='add'>dolibarr version on XML changelog</change>
	<change type='add'>RefreshExtraprice button displayed only if formula present</change>
</Version>

<Version Number="4.0.+2.1.0" MonthVersion="2016-09">
	<change type='chg'>4.0 Compatibility</change>
</Version>
<Version Number="4.0.+2.1.1" MonthVersion="2016-10">
	<change type='add'>PRODUCT TVA EXPORT trick on fourn bills</change>
</Version>
<Version Number="5.0.+2.2.0" MonthVersion="2017-02">
	<change type='chg'>5.0 compatibility</change>
	<change type='add'>new look on admin about page</change>
	<change type='add'>information version on admin setup page</change>
</Version>
<Version Number="5.0.+2.2.1" MonthVersion="2017-05">
	<change type='chg'>extraprice.php rename on setup on admin path</change>
</Version>
<Version Number="6.0.+2.3.0" MonthVersion="2017-09">
	<change type='chg'>6.0 compatibility and php 7</change>
</Version>
<Version Number="11.0.+2.4.0" MonthVersion="2020-03">
	<change type='chg'>V11 Compatibility</change>
</Version>
<Version Number="12.0.+2.5.0" MonthVersion="2020-07">
	<change type='chg'>V12 Compatibility</change>
</Version>
<Version Number="13.0.+2.6.0" MonthVersion="2021-01">
	<change type='chg'>V13 Compatibility</change>
	<change type='add'>link to wiki help</change>
</Version>
<Version Number="13.0.+2.6.1" MonthVersion="2021-03">
	<change type='fix'>upercase sensitive on class file</change>
</Version>
<Version Number="15.0.+2.7.0" MonthVersion="2022-02">
	<change type='chg'>V14 and V15 Compatibility</change>
</Version>
<Version Number="17.0.+2.8.0" MonthVersion="2022-12">
	<change type='chg'>V16, V17 and PHP V8 Compatibility</change>
</Version>
<!-- Remplir le undocumented.xml ? -->
<Dolibarr minVersion="10.0.0" maxPhpVersion="8"/>
</changelog>